{
  "n_trades": 424,
  "net_return": 0.4433315093041521,
  "win_rate": 0.6297169811320755,
  "profit_factor": 1.7073239819152914,
  "final_equity": 15526.114911266266
}