{
  "n_trades": 350,
  "net_return": 0.474481737043422,
  "win_rate": 0.6342857142857142,
  "profit_factor": 1.7431975775988873,
  "final_equity": 16001.604700140502
}